{
  "Pages": {

    "HomePage": {
      "PageNav": "PageLayout1",
      "Button": {
        "buttonText": {
          "1": "",
          "2": "ABOUT US",
          "3": "NEWS && EVENTS",
          "4": "MAJORS",
          "5": "SCHOLARSHIPS",
          "6": "ENROLLMENTS",
          "7": "PARTNERSHIPS",
          "8": "FACILITIES",
          "9": ""
        },
        "buttonNav": {
          "1": "",
          "2": "AboutUsPage",
          "3": "NewsEvents",
          "4": "MajorsPage",
          "5": "ScholarshipsPage",
          "6": "EnrollmentPage",
          "7": "PartnershipPage",
          "8": "Facilities_1Page",
          "9": ""
        }
      },
      "Contents": {
        "logo": "resources/AUPP_Logo.png"
      },
      "Avatar": {
        "avatar_image": "resources/eaglesimages/normaleagle.png",
        "bubble_text1": "What would you like to know?\nClick the buttons on the sides to pick!"
      }
    },

    "AboutUsPage": {
      "PageNav": "PageLayout2",
      "Button": {
        "buttonText": {
          "1": "HOME",
          "2": "",
          "3": "OVERVIEW",
          "4": "VISION (VMV)",
          "5": "BACK",
          "6": "",
          "7": "",
          "8": "",
          "9": ""
        },
        "buttonNav": {
          "1": "HomePage",
          "2": "",
          "3": "OverviewPage",
          "4": "MissionPage",
          "5": "HomePage",
          "6": "",
          "7": "",
          "8": "",
          "9": ""
        }
      },
      "Contents": {
        "image1": "resources/aboutUs_1.png",
        "image2": "resources/aboutUs_2.png",
        "title": "About Us",
        "subtitle1": "Welcome all Eagles and Tigers"
      },
      "Avatar": {
        "avatar_image": "resources/eaglesimages/flippedeagle.png",
        "bubble_text1": "Learn about AUPP and our mission for your success!"
      }
    },

    "OverviewPage": {
      "PageNav": "PageLayout3",
      "Button": {
        "buttonText": {
          "1": "HOME",
          "2": "",
          "3": "",
          "4": "",
          "5": "BACK",
          "6": "",
          "7": "",
          "8": "",
          "9": ""
        },
        "buttonNav": {
          "1": "HomePage",
          "2": "",
          "3": "",
          "4": "",
          "5": "AboutUsPage",
          "6": "",
          "7": "",
          "8": "",
          "9": ""
        }
      },
      "Contents": {
        "image1": "resources/overview.png",
        "title": "Overview",
        "subtitle1": "About AUPP:",
        "description1": "The American University of Phnom Penh (AUPP) is a private Cambodian university with an American curriculum, founded in 2013. It is based on the principles of high-quality management, faculty with terminal degrees from the US or other western countries, an undergraduate curriculum that meets US accreditation requirements, and the recruitment of students who aspire to high levels of achievement."
      }
    },

    "MissionPage": {
      "PageNav": "PageLayout3",
      "Button": {
        "buttonText": {
          "1": "HOME",
          "2": "",
          "3": "",
          "4": "",
          "5": "BACK",
          "6": "",
          "7": "",
          "8": "",
          "9": ""
        },
        "buttonNav": {
          "1": "HomePage",
          "2": "",
          "3": "",
          "4": "",
          "5": "AboutUsPage",
          "6": "",
          "7": "",
          "8": "",
          "9": ""
        }
      },
      "Contents": {
        "image1": "resources/vision.png",
        "title": "Vision Mission Value",
        "subtitle1": "Mission:",
        "description1": "To be a leading center of academic excellence in Cambodia and in Asia.",
        "subtitle2": "Value:",
        "description2": "To offer high-quality American-style education, producing socially responsible graduates who are critical thinkers, innovators, and ethical leaders.",
        "subtitle3": "Vision:",
        "description3": "Academic Freedom, Continuous Improvement and Accountability, Diversity, Equity, and Cultural Heritage, Excellence Leadership and Integrity, Lifelong Learning, Social Responsibility"
      }
    },

    "NewsEvents": {
      "PageNav": "PageLayout4",
      "Button": {
        "buttonText": {
          "1": "HOME",
          "2": "",
          "3": "",
          "4": "",
          "5": "BACK",
          "6": "",
          "7": "",
          "8": "",
          "9": ""
        },
        "buttonNav": {
          "1": "HomePage",
          "2": "",
          "3": "",
          "4": "",
          "5": "HomePage",
          "6": "",
          "7": "",
          "8": "",
          "9": ""
        }
      },
      "Contents": {
        "title": "Events",
        "QR_image": "resources/qr/qr-codeEvent.png"
      },
      "Avatar": {
        "avatar_image": "resources/eaglesimages/megaphoneeagle.png",
        "bubble_text1": "Want to know what is happening at AUPP?\n Scan here!"
      }
    },

    "ScholarshipsPage": {
      "PageNav": "PageLayout5",
      "Button": {
        "buttonText": {
          "1": "HOME",
          "2": "FULL SCHOLARSHIP",
          "3": "MERIT SCHOLARSHIP",
          "4": "",
          "5": "BACK",
          "6": "",
          "7": "",
          "8": "",
          "9": ""
        },
        "buttonNav": {
          "1": "HomePage",
          "2": "FullScholarshipsPage",
          "3": "MeritPage",
          "4": "",
          "5": "HomePage",
          "6": "",
          "7": "",
          "8": "",
          "9": ""
        }
      },
      "Contents": {
        "image": "resources/banner/scholarship_banner.png"
      },
      "Avatar": {
        "avatar_image": "resources/eaglesimages/graduationeagle.png",
        "bubble_text1": "What scholarships do we offer? \n\nPress Button to find out!"
      }
    },

    "MeritPage": {
      "PageNav": "PageLayout8",
      "Button": {
        "buttonText": {
          "1": "HOME",
          "2": "",
          "3": "",
          "4": "",
          "5": "BACK",
          "6": "",
          "7": "",
          "8": "",
          "9": ""
        },
        "buttonNav": {
          "1": "HomePage",
          "2": "",
          "3": "",
          "4": "",
          "5": "ScholarshipsPage",
          "6": "",
          "7": "",
          "8": "",
          "9": ""
        }
      },
      "Contents": {
        "title": "MERIT SCHOLARSHIP",
        "subtitle1": "Merit Scholarships\n(Single and Dual Degree)",
        "image1": "resources/merit.png",
        "description1": "Merit scholarships are automatically awarded to applicants who complete the national exam with grades A and B.",
        "QR_image": "resources/qr/qr-codeMerit+Full Scholarship.png",
        "QR_description": "Scan QR for more Information"
      }
    },

    "FullScholarshipsPage": {
      "PageNav": "PageLayout8",
      "Button": {
        "buttonText": {
          "1": "HOME",
          "2": "",
          "3": "",
          "4": "",
          "5": "BACK",
          "6": "",
          "7": "",
          "8": "",
          "9": ""
        },
        "buttonNav": {
          "1": "HomePage",
          "2": "",
          "3": "",
          "4": "",
          "5": "ScholarshipsPage",
          "6": "",
          "7": "",
          "8": "",
          "9": ""
        }
      },
      "Contents": {
        "title": "FULL SCHOLARSHIP",
        "subtitle1": "Full Scholarships\n(Single Degree Only)",
        "image1": "resources/full.png",
        "description1": "Full scholarships are awarded to grade A students admitted into our single degree programs. Here are the steps to follow:",
        "QR_image": "resources/qr/qr-codeMerit+Full Scholarship.png",
        "QR_description": "Scan QR for more Information"
      }
    },

    "EnrollmentPage": {
      "PageNav": "PageLayout5",
      "Button": {
        "buttonText": {
          "1": "HOME",
          "2": "ADMISSION",
          "3": "TRANSFER",
          "4": "INTERNATIONAL STUDENTS",
          "5": "BACK",
          "6": "",
          "7": "",
          "8": "",
          "9": ""
        },
        "buttonNav": {
          "1": "HomePage",
          "2": "BachelorAdmPage",
          "3": "TransferAdmPage",
          "4": "InternationalAdmPage",
          "5": "HomePage",
          "6": "",
          "7": "",
          "8": "",
          "9": ""
        }
      },
      "Contents": {
        "image": "resources/banner/enrollment_banner.png"
      },
      "Avatar": {
        "avatar_image": "resources/eaglesimages/graduationeagle.png",
        "bubble_text1": "Want to enroll?\n\nTry one of those buttons to the left!"
      }
    },

    "BachelorAdmPage": {
      "PageNav": "PageLayout9",
      "Button": {
        "buttonText": {
          "1": "HOME",
          "2": "",
          "3": "",
          "4": "",
          "5": "BACK",
          "6": "",
          "7": "",
          "8": "",
          "9": "Next"
        },
        "buttonNav": {
          "1": "HomePage",
          "2": "",
          "3": "",
          "4": "",
          "5": "EnrollmentPage",
          "6": "",
          "7": "",
          "8": "",
          "9": "MasterAdmPage"
        }
      },
      "Contents": {
        "image1": "resources/bachelor_admission.png",
        "title": "Bachelor's Admission",
        "subtitle1": "Admission Process",
        "description1": "Pay the $35 application fee ",
        "description2": "Schedule or waive the English Placement Test ",
        "description3": "Collect & Submit all required documents",
        "QR_image": "resources/qr/qr-codeBachelorAdmission.png",
        "QR_description": "Scan QR for more Information"
      }
    },

    "MasterAdmPage": {
      "PageNav": "PageLayout9",
      "Button": {
        "buttonText": {
          "1": "HOME",
          "2": "",
          "3": "",
          "4": "",
          "5": "BACK",
          "6": "",
          "7": "",
          "8": "",
          "9": ""
        },
        "buttonNav": {
          "1": "HomePage",
          "2": "",
          "3": "",
          "4": "",
          "5": "BachelorAdmPage",
          "6": "",
          "7": "",
          "8": "",
          "9": ""
        }
      },
      "Contents": {
        "image1": "resources/master_admission.png",
        "title": "Master’s Admission",
        "subtitle1": "Admission Process for MBA / LLM / MLS",
        "description1": "Pay the $35 application fee ",
        "description2": "Schedule or waive the English Placement Test ",
        "description3": "Collect & Submit all required documents",
        "description4": "Interview",
        "QR_image": "resources/qr/qr-codeBachelorAdmission.png",
        "QR_description": "Scan QR for more Information"
      }
    },

    "TransferAdmPage": {
      "PageNav": "PageLayout10",
      "Button": {
        "buttonText": {
          "1": "HOME",
          "2": "",
          "3": "",
          "4": "",
          "5": "BACK",
          "6": "",
          "7": "",
          "8": "",
          "9": ""
        },
        "buttonNav": {
          "1": "HomePage",
          "2": "",
          "3": "",
          "4": "",
          "5": "EnrollmentPage",
          "6": "",
          "7": "",
          "8": "",
          "9": ""
        }
      },
      "Contents": {
        "image1": "resources/banner/transfer_banner.png",
        "title1": "Step 1:",
        "subtitle1": "Complete Admission Process",
        "description1": "Follow the Bachelor's Admission",
        "title2": "Step 2:",
        "subtitle2": "Collect && Send Official Transcripts",
        "description2": "Send official transcripts to\n\n admission@aupp.edu.kh",
        "title3": "Step 3:",
        "subtitle3": "Collect && Send Syllabi for All Courses",
        "description3": "Send syllabi for all courses listed on the transcripts that you sent us via\n\n admissions@aupp.edu.kh"

      }
    },

    "InternationalAdmPage": {
      "PageNav": "PageLayout11",
      "Button": {
        "buttonText": {
          "1": "HOME",
          "2": "",
          "3": "",
          "4": "",
          "5": "BACK",
          "6": "",
          "7": "",
          "8": "",
          "9": "Post Program"
        },
        "buttonNav": {
          "1": "HomePage",
          "2": "",
          "3": "",
          "4": "",
          "5": "EnrollmentPage",
          "6": "",
          "7": "",
          "8": "",
          "9": "InternationalAdmPagePost"
        }
      },
      "Contents": {
        "image1": "resources/banner/international_banner.png",
        "title1": "Undergraduate Program",
        "subtitle1": "Admission Processes",
        "description1": "Pay the $35 application fee",
        "description2": "Submit document & proof of English Proficiency",
        "description3": "Collect & Submit all required documents",
        "subtitle2": "Admission Criteria",
        "description4": "1. Proof of Identity: You must submit copy of passport",
        "description5": "2. Proof of High School Graduation",
        "description6": "3. Proof of English Proficiency",
        "QR_image": "resources/qr/qr-codeInternationalStudent.png",
        "QR_description": "Scan QR for more Information"
      }
    },

    "InternationalAdmPagePost": {
      "PageNav": "PageLayout11",
      "Button": {
        "buttonText": {
          "1": "HOME",
          "2": "",
          "3": "",
          "4": "",
          "5": "BACK",
          "6": "",
          "7": "",
          "8": "",
          "9": ""
        },
        "buttonNav": {
          "1": "HomePage",
          "2": "",
          "3": "",
          "4": "",
          "5": "InternationalAdmPage",
          "6": "",
          "7": "",
          "8": "",
          "9": ""
        }
      },
      "Contents": {
        "image1": "resources/banner/international_banner.png",
        "title1": "Post-Graduate Program",
        "subtitle1": "Admission Processes (MBA)",
        "description1": "Pay the $35 application fee",
        "description2": "Submit document & proof of English Proficiency",
        "description3": "Wait for the interview",
        "subtitle2": "Admission Requirement (MBA)",
        "description4": "1. Minimum of a 3.0 GPA based on a 4.0 scale",
        "description5": "2. Two years of working experience",
        "description6": "3. IELTS 6.0 or a TOEFL iBT at least 79 or higher",
        "description7": "4. To schedule the test and learn about the EPT",
        "description8": "5. Document: Copy of Passport, Earned bachelor’s degree, Unofficial Transcript, CV, and Personal Statement",
        "QR_image": "resources/qr/qr-codeInternationalStudent.png",
        "QR_description": "Scan QR for more Information"
      }
    },

    "MajorsPage": {
      "PageNav": "PageLayout5",
      "Button": {
        "buttonText": {
          "1": "HOME",
          "2": "SINGLE DEGREE",
          "3": "DUAL DEGREE",
          "4": "MASTER DEGREE",
          "5": "BACK",
          "6": "",
          "7": "",
          "8": "",
          "9": ""
        },
        "buttonNav": {
          "1": "HomePage",
          "2": "SinglePage",
          "3": "DualPage",
          "4": "MasterPage",
          "5": "HomePage",
          "6": "",
          "7": "",
          "8": "",
          "9": ""
        }
      },
      "Contents": {
        "image": "resources/banner/majors_banner.png"
      },
      "Avatar": {
        "avatar_image": "resources/eaglesimages/graduationeagle.png",
        "bubble_text1": "Here at AUPP, we have many programs.\nClick the buttons to explore"
      }
    },

    "SinglePage": {
      "PageNav": "PageLayout6",
      "Button": {
        "buttonText": {
          "1": "HOME",
          "2": "",
          "3": "",
          "4": "",
          "5": "BACK",
          "6": "",
          "7": "",
          "8": "",
          "9": ""
        },
        "buttonNav": {
          "1": "HomePage",
          "2": "",
          "3": "",
          "4": "",
          "5": "MajorsPage",
          "6": "",
          "7": "",
          "8": "",
          "9": ""
        }
      },
      "Contents": {
        "title": "Bachelor Degree (Single Program)",
        "image1": "resources/banner/IT_banner.png",
        "description1": "Design, develop, and implement computer-based information systems for businesses and organizations.",
        "image2": "resources/banner/business_banner.png",
        "description2": "Develop expertise in computer systems and quantitative modeling techniques to solve business problems and make managerial decisions.",
        "image3": "resources/banner/global_banner.png",
        "description3": "Gain a broad understanding of the political, economic, and social issues that shape the world today.",
        "image4": "resources/banner/law_banner.png",
        "description4": "Prepare for a career in law by gaining a comprehensive understanding of the legal system and its workings.",
        "QR_image": "resources/qr/qr-codeSingle+Dual.png",
        "QR_description": "Please scan this for more info: "
      }
    },

    "DualPage": {
      "PageNav": "PageLayout6",
      "Button": {
        "buttonText": {
          "1": "HOME",
          "2": "",
          "3": "",
          "4": "",
          "5": "BACK",
          "6": "",
          "7": "",
          "8": "",
          "9": ""
        },
        "buttonNav": {
          "1": "HomePage",
          "2": "",
          "3": "",
          "4": "",
          "5": "MajorsPage",
          "6": "",
          "7": "",
          "8": "",
          "9": ""
        }
      },
      "Contents": {
        "title": "Bachelor Degree (Dual Program)",
        "image1": "resources/banner/IT_banner.png",
        "description1": "AUPP’s School of Digital Technologies is dedicated to Digital Infrastructure, Software Development, Cybersecurity, Data Science, and AI.",
        "image2": "resources/banner/business_banner.png",
        "description2": "AUPP’s School of Business provides unparalleled opportunities to study business, whether you aspire to start your own business, work for a multinational corporation, or contribute to the economic development of Cambodia and beyond.",
        "image3": "resources/banner/law&global_banner.png",
        "description3": "AUPP School of Law and Global Affairs provide students with a comprehensive education that prepares them for careers in international relations, global development, diplomacy, law, and related fields.",
        "QR_image": "resources/qr/qr-codeSingle+Dual.png",
        "QR_description": "Please scan this for more info: "
      }
    },

    "MasterPage": {
      "PageNav": "PageLayout6",
      "Button": {
        "buttonText": {
          "1": "HOME",
          "2": "",
          "3": "",
          "4": "",
          "5": "BACK",
          "6": "",
          "7": "",
          "8": "",
          "9": ""
        },
        "buttonNav": {
          "1": "HomePage",
          "2": "",
          "3": "",
          "4": "",
          "5": "MajorsPage",
          "6": "",
          "7": "",
          "8": "",
          "9": ""
        }
      },
      "Contents": {
        "title": "Master Degree",
        "image1": "resources/banner/legal_banner.png",
        "description1": "In today’s world affairs and economy that is adapting to rapid developments in digital technologies, corporations, governments, and society as a whole are navigating an evolving global environment.",
        "image2": "resources/banner/business_banner.png",
        "description2": "The Master of Business Administration (MBA) prepares students with the practical skills and academic knowledgebase that are essential for meaningful business and managerial careers.",
        "image3": "resources/banner/law_banner.png",
        "description3": "The Master of Laws (LL.M.) program aims to provide (1) a broad overview of local and international laws and regulations that govern international businesses and (2) engage students in the ongoing discussions on issues related to the use and regulation of digital technologies.",
        "QR_image": "resources/qr/qr-codeMaster.png",
        "QR_description": "Scan this QR for more info:"
      }
    },

    "PartnershipPage": {
      "PageNav": "PageLayout12",
      "Button": {
        "buttonText": {
          "1": "HOME",
          "2": "",
          "3": "",
          "4": "",
          "5": "BACK",
          "6": "",
          "7": "",
          "8": "",
          "9": ""
        },
        "buttonNav": {
          "1": "HomePage",
          "2": "",
          "3": "",
          "4": "",
          "5": "HomePage",
          "6": "",
          "7": "",
          "8": "",
          "9": ""
        }
      },
      "Contents": {
        "title": "Partnership",
        "image3": "Resources/banner/partnership_banner.png",
        "image1": "Resources/Arizona_Logo.png",
        "subtitle1": "University of Arizona",
        "description1": "The University of Arizona is a public research university in Tucson, Arizona, United States. Founded in 1885, the UA was the first university in the Arizona Territory. The university is home to the James E. Rogers College of Law and numerous other nationally ranked graduate and professional schools.",
        "image2": "resources/Fort_Hays_logo.png",
        "subtitle2": "Fort Hays State University",
        "description2": "FHSU is the leading forward-thinking, entrepreneurial university of the Midwest. FHSU  has an enrollment of more than 13,000 students and offers hundreds of certificate and degree programs at the associate’s, bachelor’s, and master’s levels through 28 academic departments."
      }
    },

    "Facilities_1Page": {
      "PageNav": "PageLayout13",
      "Button": {
        "buttonText": {
          "1": "HOME",
          "2": "",
          "3": "AUPP CENTER",
          "4": "LIBRARY",
          "5": "BACK",
          "6": "",
          "7": "CLUBS",
          "8": "CANTEEN",
          "9": "OTHER"
        },
        "buttonNav": {
          "1": "HomePage",
          "2": "",
          "3": "ATCPage",
          "4": "LibraryPage",
          "5": "HomePage",
          "6": "",
          "7": "ClubsPage",
          "8": "CanteenPage",
          "9": "Facilities_2Page"
        }
      },
      "Contents": {
        "title": "Facilities",
        "image1": "resources/AUpp_center.png",
        "subtitle1": "AUPP CENTER",
        "image2": "resources/clubs.png",
        "subtitle2": "CLUBS",
        "image3": "resources/library.png",
        "subtitle3": "LIBRARY",
        "image4": "resources/Canteen.png",
        "subtitle4": "CANTEEN"
      }
    },

    "ATCPage": {
      "PageNav": "PageLayout14",
      "Button": {
        "buttonText": {
          "1": "HOME",
          "2": "",
          "3": "",
          "4": "",
          "5": "BACK",
          "6": "",
          "7": "",
          "8": "",
          "9": ""
        },
        "buttonNav": {
          "1": "HomePage",
          "2": "",
          "3": "",
          "4": "",
          "5": "Facilities_1Page",
          "6": "",
          "7": "",
          "8": "",
          "9": ""
        }
      },
      "Contents": {
        "title": "AUPP CENTER",
        "image1": "resources/atc.png",
        "subtitle1": "AUPP Technology Center (ATC)",
        "description1": "The AUPP Technology Center is the launchpad for Cambodia's entrepreneurs and innovators in digital technology, offering education, engagement, and empowerment. We educate the next generation in management, leadership, and information communication technology, while fostering a results-oriented approach in our engagements with stakeholders. Through training, resources, and networks, we empower young talent, creating a platform for digital and sustainability leadership, and professional skills transformation for Cambodia."
      },
      "Avatar": {
        "avatar_image": "resources/eaglesimages/laptopeagle.png"
      }
    },

    "LibraryPage": {
      "PageNav": "PageLayout14",
      "Button": {
        "buttonText": {
          "1": "HOME",
          "2": "",
          "3": "",
          "4": "",
          "5": "BACK",
          "6": "",
          "7": "",
          "8": "",
          "9": ""
        },
        "buttonNav": {
          "1": "HomePage",
          "2": "",
          "3": "",
          "4": "",
          "5": "Facilities_1Page",
          "6": "",
          "7": "",
          "8": "",
          "9": ""
        }
      },
      "Contents": {
        "title": "LIBRARY",
        "image1": "resources/librarypic.png",
        "subtitle1": "AUPP Library",
        "description1": "The AUPP Library is a vibrant hub of knowledge and learning, offering a wide range of resources to support the academic and intellectual pursuits of our students and faculty. With an extensive collection of books, journals, and digital materials, our library provides an enriching environment for research, study, and exploration. Our friendly and knowledgeable staff are always ready to assist, making the library a welcoming space for discovery and growth."

      },
      "Avatar": {
        "avatar_image": "resources/eaglesimages/book.png"
      }
    },
    "ClubsPage": {
      "PageNav": "PageLayout14",
      "Button": {
        "buttonText": {
          "1": "HOME",
          "2": "",
          "3": "",
          "4": "",
          "5": "BACK",
          "6": "",
          "7": "",
          "8": "",
          "9": ""
        },
        "buttonNav": {
          "1": "HomePage",
          "2": "",
          "3": "",
          "4": "",
          "5": "Facilities_1Page",
          "6": "",
          "7": "",
          "8": "",
          "9": ""
        }
      },
      "Contents": {
        "title": "CLUBS",
        "image1": "resources/club.png",
        "subtitle1": "Explore clubs in AUPP",
        "description1": "At AUPP, we offer a diverse range of clubs for students to explore. Whether you're into sports, dance, music, baking, language learning, or even debate, there's a club for you. Joining a club not only enhances your college experience but also fosters personal growth, teamwork, and leadership skills. Dive into the world of clubs at AUPP and embark on an exciting journey of self-discovery and enrichment."
      },
      "Avatar": {
        "avatar_image": "resources/eaglesimages/pingpongeagle.png"
      }
    },

    "CanteenPage": {
      "PageNav": "PageLayout14",
      "Button": {
        "buttonText": {
          "1": "HOME",
          "2": "",
          "3": "",
          "4": "",
          "5": "BACK",
          "6": "",
          "7": "",
          "8": "",
          "9": ""
        },
        "buttonNav": {
          "1": "HomePage",
          "2": "",
          "3": "",
          "4": "",
          "5": "Facilities_1Page",
          "6": "",
          "7": "",
          "8": "",
          "9": ""
        }
      },
      "Contents": {
        "title": "CANTEEN",
        "image1": "resources/canteenpic.png",
        "subtitle1": "Feast at AUPP Canteen",
        "description1": "At AUPP, our canteen is a culinary haven offering a diverse menu of both Khmer and Western cuisines. Whether you're looking for a quick snack between classes or a full meal to recharge, our canteen has you covered. Join us on campus to savor the best of both worlds and experience the perfect blend of taste and convenience."
      },
      "Avatar": {
        "avatar_image": "resources/eaglesimages/chefeagle.png"
      }
    },

    "Facilities_2Page": {
      "PageNav": "PageLayout13",
      "Button": {
        "buttonText": {
          "1": "HOME",
          "2": "",
          "3": "FINANCE OFFICE",
          "4": "IT SUPPORT",
          "5": "BACK",
          "6": "",
          "7": "CSI",
          "8": "MEDICAL CLINIC",
          "9": ""
        },
        "buttonNav": {
          "1": "HomePage",
          "2": "",
          "3": "FinancePage",
          "4": "ITSupportPage",
          "5": "Facilities_1Page",
          "6": "",
          "7": "CSIPage",
          "8": "InfirmaryPage",
          "9": ""
        }
      },
      "Contents": {
        "title": "Facilities",
        "image1": "resources/Finance.png",
        "subtitle1": "FINANCE OFFICE",
        "image2": "resources/csi.png",
        "subtitle2": "CSI",
        "image3": "resources/it_support.png",
        "subtitle3": "IT SUPPORT",
        "image4": "resources/infirmary.png",
        "subtitle4": "MEDICAL CLINIC"
      }
    },

    "FinancePage": {
      "PageNav": "PageLayout14",
      "Button": {
        "buttonText": {
          "1": "HOME",
          "2": "",
          "3": "",
          "4": "",
          "5": "BACK",
          "6": "",
          "7": "",
          "8": "",
          "9": ""
        },
        "buttonNav": {
          "1": "HomePage",
          "2": "",
          "3": "",
          "4": "",
          "5": "Facilities_2Page",
          "6": "",
          "7": "",
          "8": "",
          "9": ""
        }
      },
      "Contents": {
        "title": "FINANCE OFFICE",
        "image1": "resources/financepic.png",
        "subtitle1": "Navigating Financial Success at AUPP",
        "description1": "The Finance Office at AUPP is responsible for the university’s financial management. This includes overseeing accounts receivable and payable, preparing budgets, maintaining financial metrics, and ensuring the financial health of the institution. With a commitment to transparency and efficiency, the Finance Office plays a crucial role in supporting AUPP’s mission of providing internationally recognized US accredited dual degree programs"
      },
      "Avatar": {
        "avatar_image": "resources/eaglesimages/suiteagle.png"
      }
    },

    "ITSupportPage": {
      "PageNav": "PageLayout14",
      "Button": {
        "buttonText": {
          "1": "HOME",
          "2": "",
          "3": "",
          "4": "",
          "5": "BACK",
          "6": "",
          "7": "",
          "8": "",
          "9": ""
        },
        "buttonNav": {
          "1": "HomePage",
          "2": "",
          "3": "",
          "4": "",
          "5": "Facilities_2Page",
          "6": "",
          "7": "",
          "8": "",
          "9": ""
        }
      },
      "Contents": {
        "title": "IT SUPPORT OFFICE",
        "image1": "resources/IT_SUPPORTPIC.png",
        "subtitle1": "Empowering Digital Transformation at AUPP",
        "description1": "The IT Support Facilities at AUPP provide essential services such as hardware and software setup, technical issue resolution, and new account creation. Their work supports the smooth operation of the university and its mission of providing a world-class education."
      },
      "Avatar": {
        "avatar_image": "resources/eaglesimages/brokenlaptopeagle.png"
      }
    },

    "CSIPage": {
      "PageNav": "PageLayout14",
      "Button": {
        "buttonText": {
          "1": "HOME",
          "2": "",
          "3": "",
          "4": "",
          "5": "BACK",
          "6": "",
          "7": "",
          "8": "",
          "9": ""
        },
        "buttonNav": {
          "1": "HomePage",
          "2": "",
          "3": "",
          "4": "",
          "5": "Facilities_2Page",
          "6": "",
          "7": "",
          "8": "",
          "9": ""
        }
      },
      "Contents": {
        "title": "CENTER FOR STUDENT INVOLVEMENT",
        "image1": "resources/csipic.png",
        "subtitle1": "Fostering Community and Engagement at AUPP",
        "description1": "The CSI at AUPP provides a welcoming space where students can socialize, relax, and connect. It features a large common room with comfortable areas and a ping-pong table, encouraging students to form study groups or de-stress. The CSI is dedicated to creating a thriving community that supports students’ well-being and success"
      },
      "Avatar": {
        "avatar_image": "resources/eaglesimages/guitareagle.png"
      }
    },

    "InfirmaryPage": {
      "PageNav": "PageLayout14",
      "Button": {
        "buttonText": {
          "1": "HOME",
          "2": "",
          "3": "",
          "4": "",
          "5": "BACK",
          "6": "",
          "7": "",
          "8": "",
          "9": ""
        },
        "buttonNav": {
          "1": "HomePage",
          "2": "",
          "3": "",
          "4": "",
          "5": "Facilities_2Page",
          "6": "",
          "7": "",
          "8": "",
          "9": ""
        }
      },
      "Contents": {
        "title": "AUPP MEDICAL AND CLINIC",
        "image1": "resources/infirmarypic.png",
        "subtitle1": "Promoting Health and Wellness at AUPP",
        "description1": "The AUPP Clinic provides a range of healthcare services to students, faculty, and staff. Staffed by qualified healthcare professionals, the clinic offers preventative care, treatment of minor illnesses, and health education resources. It plays a vital role in ensuring the health and well-being of the AUPP community."
      },
      "Avatar": {
        "avatar_image": "resources/eaglesimages/bandaideagle.png"
      }
    }

  }
}